{"metadata":{"asset_id":"a74db2de-4e61-4930-8195-484b24ca0395","asset_attributes":["data_asset"],"name":"bank.csv","asset_type":"data_asset","created_at":"2021-12-21T06:52:46Z","description":"","origin_country":"us","owner_id":"IBMid-664002ZLTW","project_id":"ef470bce-1320-422e-8f7d-df57e594e0af","size":918960,"tags":[],"usage":{"last_update_time":1640069567718,"last_updated_at":"2021-12-21T06:52:47Z"}},"entity":{"data_asset":{"mime_type":"text/csv","dataset":false}},"attachments":[{"id":"05b3c8c8-c41f-4c85-90f6-9a34aeee25a2","version":2,"asset_type":"data_asset","name":"bank.csv","mime":"text/csv","datasource_type":"193a97c1-4475-4a19-b90c-295c4fdc6517","object_key":"bank.csv","creator_id":"IBMid-664002ZLTW","create_time":1640069567718,"size":918960,"is_remote":false,"is_managed":false,"is_referenced":true,"is_object_key_read_only":true,"is_user_provided_path_key":true,"transfer_complete":true,"is_partitioned":false,"complete_time_ticks":1640069567718,"user_data":{},"test_doc":0,"handle":{"bucket":"clusteringanalysisforbanking-donotdelete-pr-qp3m5rd3tcgqps","location":"eu-geo","key":"bank.csv","upload_id":"done","max_part_num":1},"usage":{"access_count":0,"last_accessor_id":"IBMid-664002ZLTW","last_access_time":1640069567718}}]}
