{"metadata":{"asset_id":"d08c2950-6f43-4038-a1b5-f3c18251a3f1","asset_attributes":["data_flow"],"name":"bank.csv_flow","asset_type":"data_flow","created_at":"2021-12-21T06:57:34Z","description":"","origin_country":"us","owner_id":"IBMid-664002ZLTW","project_id":"ef470bce-1320-422e-8f7d-df57e594e0af","size":0,"tags":[],"usage":{"last_update_time":1640071591829,"last_updated_at":"2021-12-21T07:26:31Z"}},"entity":{"data_flow":{"pipeline":{"version":"1.0","doc_type":"pipeline","app_data":{"shaperCreated":true,"replace_space_by_dot":true},"primary_pipeline":"pipeline1","pipelines":[{"id":"pipeline1","nodes":[{"output":{"id":"source1output"},"data_asset":{"ref":"a74db2de-4e61-4930-8195-484b24ca0395","app_data":{"dataset_name":"bank.csv"},"properties":{"first_line_header":"true","encoding":"UTF-8","invalid_data_handling":"fail","file_format":"csv"}},"id":"source1","type":"binding"},{"id":"934dcd0f-a2a1-44cd-937a-cb2c671f7b06","type":"execution_node","op":"com.ibm.wdp.transformer.FreeformCode","app_data":{"uiParams":{"key":"mutate","code":"mutate(`age` = as.integer(`age`),`balance` = as.integer(`balance`),`day` = as.integer(`day`),`duration` = as.integer(`duration`),`campaign` = as.integer(`campaign`),`pdays` = as.integer(`pdays`),`previous` = as.integer(`previous`))","args":{"type":"mutate","conditions":[],"auto":true,"autoConditions":[{"column":"age","type":"as.integer","newColumnName":"","format":"","actualType":"character","removeColumn":false},{"column":"balance","type":"as.integer","newColumnName":"","format":"","actualType":"character","removeColumn":false},{"column":"day","type":"as.integer","newColumnName":"","format":"","actualType":"character","removeColumn":false},{"column":"duration","type":"as.integer","newColumnName":"","format":"","actualType":"character","removeColumn":false},{"column":"campaign","type":"as.integer","newColumnName":"","format":"","actualType":"character","removeColumn":false},{"column":"pdays","type":"as.integer","newColumnName":"","format":"","actualType":"character","removeColumn":false},{"column":"previous","type":"as.integer","newColumnName":"","format":"","actualType":"character","removeColumn":false}],"version":6},"automatic":true}},"parameters":{"FREEFORM_CODE":"mutate(`age` = as.integer(`age`),`balance` = as.integer(`balance`),`day` = as.integer(`day`),`duration` = as.integer(`duration`),`campaign` = as.integer(`campaign`),`pdays` = as.integer(`pdays`),`previous` = as.integer(`previous`))"},"inputs":[{"id":"inputPort1","links":[{"node_id_ref":"source1","port_id_ref":"source1output"}]}],"outputs":[{"id":"outputPort1"}]},{"input":{"link":{"node_id_ref":"934dcd0f-a2a1-44cd-937a-cb2c671f7b06","port_id_ref":"outputPort1"},"id":"targetInput1"},"data_asset":{"project_ref":"ef470bce-1320-422e-8f7d-df57e594e0af","app_data":{"targetType":"dataAsset","project_name":"Clustering Analysis for Banking"},"properties":{"mode":"overwrite","name":"bank_csv_shaped","first_line_header":true,"file_format":"csv"}},"id":"target1","type":"binding"}],"runtime":"Spark"}],"id":"7b5f2371-ef23-410d-872f-52185ae23d62"},"_entity_only":true}}}
