{"metadata":{"asset_id":"4b20a9d2-5004-4509-a0c6-61adea4ec3f8","asset_attributes":["wml_model"],"name":"Banking Analysis Clustering model","asset_type":"wml_model","created_at":"2021-12-21T16:01:36Z","description":"","origin_country":"us","owner_id":"IBMid-664002ZLTW","project_id":"ef470bce-1320-422e-8f7d-df57e594e0af","sandbox_id":"ef470bce-1320-422e-8f7d-df57e594e0af","size":267929,"tags":[],"usage":{"last_update_time":1640102500295,"last_updated_at":"2021-12-21T16:01:40Z"}},"entity":{"wml_model":{"hybrid_pipeline_software_specs":[],"software_spec":{"base_id":"687eddc9-028a-4117-b9dd-e57b36f1efa5","name":"spss-modeler_18.2"},"ml_version":"4.0.12","type":"spss-modeler_18.2","schemas":{"input":[{"fields":[{"metadata":{},"name":"age","nullable":true,"type":"integer"},{"metadata":{},"name":"job","nullable":true,"type":"string"},{"metadata":{},"name":"marital","nullable":true,"type":"string"},{"metadata":{},"name":"education","nullable":true,"type":"string"},{"metadata":{},"name":"default","nullable":true,"type":"string"},{"metadata":{},"name":"balance","nullable":true,"type":"integer"},{"metadata":{},"name":"housing","nullable":true,"type":"string"},{"metadata":{},"name":"loan","nullable":true,"type":"string"},{"metadata":{},"name":"contact","nullable":true,"type":"string"},{"metadata":{},"name":"day","nullable":true,"type":"integer"},{"metadata":{},"name":"month","nullable":true,"type":"string"},{"metadata":{},"name":"duration","nullable":true,"type":"integer"},{"metadata":{},"name":"campaign","nullable":true,"type":"integer"},{"metadata":{},"name":"pdays","nullable":true,"type":"integer"},{"metadata":{},"name":"previous","nullable":true,"type":"integer"},{"metadata":{},"name":"poutcome","nullable":true,"type":"string"},{"metadata":{},"name":"deposit","nullable":true,"type":"string"}],"id":"bank.csv","name":"bank.csv","type":"struct"}],"output":[{"fields":[{"metadata":{},"name":"age","nullable":true,"type":"integer"},{"metadata":{},"name":"job","nullable":true,"type":"string"},{"metadata":{},"name":"marital","nullable":true,"type":"string"},{"metadata":{},"name":"education","nullable":true,"type":"string"},{"metadata":{},"name":"default","nullable":true,"type":"string"},{"metadata":{},"name":"balance","nullable":true,"type":"integer"},{"metadata":{},"name":"housing","nullable":true,"type":"string"},{"metadata":{},"name":"loan","nullable":true,"type":"string"},{"metadata":{},"name":"contact","nullable":true,"type":"string"},{"metadata":{},"name":"day","nullable":true,"type":"integer"},{"metadata":{},"name":"month","nullable":true,"type":"string"},{"metadata":{},"name":"duration","nullable":true,"type":"integer"},{"metadata":{},"name":"campaign","nullable":true,"type":"integer"},{"metadata":{},"name":"pdays","nullable":true,"type":"integer"},{"metadata":{},"name":"previous","nullable":true,"type":"integer"},{"metadata":{},"name":"poutcome","nullable":true,"type":"string"},{"metadata":{},"name":"deposit","nullable":true,"type":"string"},{"metadata":{},"name":"Partition","nullable":true,"type":"string"},{"metadata":{},"name":"$XF-deposit","nullable":true,"type":"string"},{"metadata":{},"name":"$XFC-deposit","nullable":true,"type":"double"}],"id":"id5UKWGA9E7J4","name":"job v. $XFC-deposit","type":"struct"}]}}},"attachments":[{"id":"b6c08ca9-a90f-4d42-8315-3833c5fd00ff","version":2,"asset_type":"wml_model","datasource_type":"193a97c1-4475-4a19-b90c-295c4fdc6517","creator_id":"IBMid-664002ZLTW","create_time":1640102497883,"size":267929,"is_remote":false,"is_managed":true,"is_referenced":false,"is_object_key_read_only":false,"is_user_provided_path_key":false,"transfer_complete":true,"is_partitioned":false,"complete_time_ticks":1640102499979,"user_data":{"content_format":"native"},"test_doc":0,"handle":{"bucket":"clusteringanalysisforbanking-donotdelete-pr-qp3m5rd3tcgqps","location":"eu-geo","type":"bluemix_cos","key":"81c2999e-748f-4e23-96d8-547517dd226d/4b20a9d2-5004-4509-a0c6-61adea4ec3f8/b6c08ca9-a90f-4d42-8315-3833c5fd00ff","upload_id":"done","max_part_num":1},"usage":{"access_count":0,"last_accessor_id":"IBMid-664002ZLTW","last_access_time":1640102497883}}]}
