{"metadata":{"asset_id":"6a496200-765e-4cff-a11f-e658f2b2c0fa","asset_attributes":["data_asset"],"name":"insurance .csv","asset_type":"data_asset","created_at":"2021-12-22T07:05:48Z","description":"","origin_country":"us","owner_id":"IBMid-664002ZLTW","project_id":"d3a073ff-9311-4929-b5eb-bb2e01d4e6a8","size":55628,"tags":[],"usage":{"last_update_time":1640156750112,"last_updated_at":"2021-12-22T07:05:50Z"}},"entity":{"data_asset":{"mime_type":"text/csv","dataset":false}},"attachments":[{"id":"5ac8583c-eeb0-4a71-ae44-7a1e2794eb7b","version":2,"asset_type":"data_asset","name":"insurance .csv","mime":"text/csv","datasource_type":"193a97c1-4475-4a19-b90c-295c4fdc6517","object_key":"insurance .csv","creator_id":"IBMid-664002ZLTW","create_time":1640156750112,"size":55628,"is_remote":false,"is_managed":false,"is_referenced":true,"is_object_key_read_only":true,"is_user_provided_path_key":true,"transfer_complete":true,"is_partitioned":false,"complete_time_ticks":1640156750112,"user_data":{},"test_doc":0,"handle":{"bucket":"medicalpremiumcharges-donotdelete-pr-oldhemqu6r63wd","location":"eu-geo","key":"insurance .csv","upload_id":"done","max_part_num":1},"usage":{"access_count":0,"last_accessor_id":"IBMid-664002ZLTW","last_access_time":1640156750112}}]}
