{"metadata":{"asset_id":"6a2bb7e2-3631-4fc4-ba10-667523c0db81","asset_attributes":["data_flow"],"name":"insurance .csv_flow","asset_type":"data_flow","created_at":"2021-12-22T07:08:07Z","description":"","origin_country":"us","owner_id":"IBMid-664002ZLTW","project_id":"d3a073ff-9311-4929-b5eb-bb2e01d4e6a8","size":0,"tags":[],"usage":{"last_update_time":1640159163499,"last_updated_at":"2021-12-22T07:46:03Z"}},"entity":{"data_flow":{"pipeline":{"version":"1.0","doc_type":"pipeline","app_data":{"shaperCreated":true,"replace_space_by_dot":true},"primary_pipeline":"pipeline1","pipelines":[{"id":"pipeline1","nodes":[{"output":{"id":"source1output"},"data_asset":{"ref":"6a496200-765e-4cff-a11f-e658f2b2c0fa","app_data":{"dataset_name":"insurance .csv"},"properties":{"first_line_header":"true","encoding":"UTF-8","invalid_data_handling":"fail","file_format":"csv"}},"id":"source1","type":"binding"},{"input":{"link":{"node_id_ref":"source1","port_id_ref":"source1output"},"id":"targetInput1"},"data_asset":{"project_ref":"d3a073ff-9311-4929-b5eb-bb2e01d4e6a8","app_data":{"targetType":"dataAsset","project_name":"Medical Premium Charges"},"properties":{"mode":"overwrite","name":"insurance _csv_shaped","first_line_header":true,"file_format":"csv"}},"id":"target1","type":"binding"}],"runtime":"Spark"}],"id":"fb90294e-9550-47b0-a077-465ce18dca01"},"_entity_only":true}}}
