[{"name":"Medical Premium Charges","description":"Analysis%20of%20medical%20premium%20charges%20for%20insurers","origin_country":"us","asset_type":"machine-learning-stream","entity":{"machine-learning-stream":{"path":"/v1/ml-streams","properties":{"runtime":"spss-modeler","lock":{}},"flow_type":"spss"},"machine-learning-canvas-flow":{"properties":{}}},"attachments":[{"object_key":"machine-learning-stream/MedicalPremiumCharges_7LsUvX0CtUw5C8uO58fqc.str","asset_type":"machine-learning-canvas-flow","user_data":{}}]}]
