{"metadata":{"asset_id":"1fe758b4-ad66-4d3b-bc9e-fc602d911e55","asset_attributes":["data_asset"],"name":"challengers.csv","asset_type":"data_asset","created_at":"2021-12-19T07:05:36Z","description":"","origin_country":"us","owner_id":"IBMid-664002ZLTW","project_id":"1971f97c-b72e-48a7-8a69-c2da307ab3cf","size":388,"tags":[],"usage":{"last_update_time":1639897538414,"last_updated_at":"2021-12-19T07:05:38Z"}},"entity":{"data_asset":{"mime_type":"text/csv","dataset":false}},"attachments":[{"id":"2c6892f7-7ac5-446c-83f4-09642847cee2","version":2,"asset_type":"data_asset","name":"challengers.csv","mime":"text/csv","datasource_type":"193a97c1-4475-4a19-b90c-295c4fdc6517","object_key":"challengers.csv","creator_id":"IBMid-664002ZLTW","create_time":1639897538413,"size":388,"is_remote":false,"is_managed":false,"is_referenced":true,"is_object_key_read_only":true,"is_user_provided_path_key":true,"transfer_complete":true,"is_partitioned":false,"complete_time_ticks":1639897538413,"user_data":{},"test_doc":0,"handle":{"bucket":"riskanalysisspaceshuttle-donotdelete-pr-lvjcz2sxisszx8","location":"eu-geo","key":"challengers.csv","upload_id":"done","max_part_num":1},"usage":{"access_count":0,"last_accessor_id":"IBMid-664002ZLTW","last_access_time":1639897538413}}]}
