{"metadata":{"asset_id":"96a280c7-32d9-4558-b274-0f0f84e91eb5","asset_attributes":["data_flow"],"name":"challengers.csv_flow","asset_type":"data_flow","created_at":"2021-12-19T07:19:34Z","description":"","origin_country":"us","owner_id":"IBMid-664002ZLTW","project_id":"1971f97c-b72e-48a7-8a69-c2da307ab3cf","size":0,"tags":[],"usage":{"last_update_time":1639898388166,"last_updated_at":"2021-12-19T07:19:48Z"}},"entity":{"data_flow":{"pipeline":{"version":"1.0","doc_type":"pipeline","app_data":{"shaperCreated":true,"replace_space_by_dot":true},"primary_pipeline":"pipeline1","pipelines":[{"id":"pipeline1","nodes":[{"output":{"id":"source1output"},"data_asset":{"ref":"1fe758b4-ad66-4d3b-bc9e-fc602d911e55","app_data":{"dataset_name":"challengers.csv"},"properties":{"first_line_header":"true","encoding":"UTF-8","invalid_data_handling":"fail","file_format":"csv"}},"id":"source1","type":"binding"},{"id":"df7560d8-d8f4-41c7-9c68-10f0df091b10","type":"execution_node","op":"com.ibm.wdp.transformer.FreeformCode","app_data":{"uiParams":{"key":"mutate","code":"mutate(`o_ring_ct` = as.integer(`o_ring_ct`),`o_ring_failures` = as.integer(`o_ring_failures`),`temperature` = as.integer(`temperature`),`pressure` = as.integer(`pressure`),`launch_id` = as.integer(`launch_id`))","args":{"type":"mutate","conditions":[],"auto":true,"autoConditions":[{"column":"o_ring_ct","type":"as.integer","newColumnName":"","format":"","actualType":"character","removeColumn":false},{"column":"o_ring_failures","type":"as.integer","newColumnName":"","format":"","actualType":"character","removeColumn":false},{"column":"temperature","type":"as.integer","newColumnName":"","format":"","actualType":"character","removeColumn":false},{"column":"pressure","type":"as.integer","newColumnName":"","format":"","actualType":"character","removeColumn":false},{"column":"launch_id","type":"as.integer","newColumnName":"","format":"","actualType":"character","removeColumn":false}],"version":6},"automatic":true}},"parameters":{"FREEFORM_CODE":"mutate(`o_ring_ct` = as.integer(`o_ring_ct`),`o_ring_failures` = as.integer(`o_ring_failures`),`temperature` = as.integer(`temperature`),`pressure` = as.integer(`pressure`),`launch_id` = as.integer(`launch_id`))"},"inputs":[{"id":"inputPort1","links":[{"node_id_ref":"source1","port_id_ref":"source1output"}]}],"outputs":[{"id":"outputPort1"}]},{"input":{"link":{"node_id_ref":"df7560d8-d8f4-41c7-9c68-10f0df091b10","port_id_ref":"outputPort1"},"id":"targetInput1"},"data_asset":{"project_ref":"1971f97c-b72e-48a7-8a69-c2da307ab3cf","app_data":{"targetType":"dataAsset","project_name":"Risk_Analysis_Space_Shuttle"},"properties":{"mode":"overwrite","name":"challengers_csv_shaped","first_line_header":true,"file_format":"csv"}},"id":"target1","type":"binding"}],"runtime":"Spark"}],"id":"f0a8d8c5-afc5-4fa3-918d-0e01a84a4778"},"_entity_only":true}}}
