{"metadata":{"asset_id":"df1a9f42-be67-4467-b59b-12b6598125da","asset_attributes":["wml_model"],"name":"Regression Linear and Multiple","asset_type":"wml_model","created_at":"2021-12-19T08:03:53Z","description":"","origin_country":"us","owner_id":"IBMid-664002ZLTW","project_id":"1971f97c-b72e-48a7-8a69-c2da307ab3cf","sandbox_id":"1971f97c-b72e-48a7-8a69-c2da307ab3cf","size":14218,"tags":[],"usage":{"last_update_time":1639901037938,"last_updated_at":"2021-12-19T08:03:57Z"}},"entity":{"wml_model":{"hybrid_pipeline_software_specs":[],"software_spec":{"base_id":"687eddc9-028a-4117-b9dd-e57b36f1efa5","name":"spss-modeler_18.2"},"ml_version":"4.0.12","type":"spss-modeler_18.2","schemas":{"input":[{"fields":[{"metadata":{},"name":"o_ring_ct","nullable":true,"type":"integer"},{"metadata":{},"name":"o_ring_failures","nullable":true,"type":"integer"},{"metadata":{},"name":"temperature","nullable":true,"type":"integer"},{"metadata":{},"name":"pressure","nullable":true,"type":"integer"},{"metadata":{},"name":"launch_id","nullable":true,"type":"integer"}],"id":"challengers.csv","name":"challengers.csv","type":"struct"}],"output":[{"fields":[{"metadata":{},"name":"o_ring_ct","nullable":true,"type":"integer"},{"metadata":{},"name":"o_ring_failures","nullable":true,"type":"integer"},{"metadata":{},"name":"temperature","nullable":true,"type":"integer"},{"metadata":{},"name":"pressure","nullable":true,"type":"integer"},{"metadata":{},"name":"launch_id","nullable":true,"type":"integer"},{"metadata":{},"name":"Partition","nullable":true,"type":"string"},{"metadata":{},"name":"$E-o_ring_failures","nullable":true,"type":"double"}],"id":"id23SWBD5HTMK","name":"temperature v. $E-o_ring_failures","type":"struct"}]}}},"attachments":[{"id":"07866dd0-b9bd-4851-a15c-d759125eebb4","version":2,"asset_type":"wml_model","datasource_type":"193a97c1-4475-4a19-b90c-295c4fdc6517","creator_id":"IBMid-664002ZLTW","create_time":1639901035569,"size":14218,"is_remote":false,"is_managed":true,"is_referenced":false,"is_object_key_read_only":false,"is_user_provided_path_key":false,"transfer_complete":true,"is_partitioned":false,"complete_time_ticks":1639901037629,"user_data":{"content_format":"native"},"test_doc":0,"handle":{"bucket":"riskanalysisspaceshuttle-donotdelete-pr-lvjcz2sxisszx8","location":"eu-geo","type":"bluemix_cos","key":"40993282-a564-4be3-bb61-c82a6734e640/df1a9f42-be67-4467-b59b-12b6598125da/07866dd0-b9bd-4851-a15c-d759125eebb4","upload_id":"done","max_part_num":1},"usage":{"access_count":0,"last_accessor_id":"IBMid-664002ZLTW","last_access_time":1639901035569}}]}
